,num_rooms,num_people,is_ac,is_tv,amount_paid
0,3,3,1,1,560.4814468999999
1,1,5,0,1,633.2836786
2,3,1,1,1,511.8791568
3,0,5,1,1,332.9920353
4,1,8,0,1,658.285625
5,0,5,0,1,793.2423456
6,4,5,0,1,570.3828451
7,3,4,0,0,585.4051997
8,2,4,1,0,653.2008685
9,1,6,0,0,606.015138
10,2,6,0,1,222.73454159999997
11,1,6,1,1,606.1839762999999
12,0,3,0,1,528.2784473999999
13,2,4,0,1,622.3819174
14,2,7,0,1,756.6516958999999
15,1,5,0,1,471.12843669999995
16,3,5,0,0,458.84287939999996
17,2,8,1,1,818.1268647
18,4,4,0,1,355.43433460000006
19,3,1,0,1,707.9660271
20,1,6,1,1,583.5433244
21,3,4,0,1,579.6585177999999
22,1,4,0,0,529.6833919
23,1,7,0,1,763.9111317
24,2,6,0,1,695.0368687000001
25,2,7,0,1,605.607782
26,3,2,1,1,994.6565775
27,1,1,0,1,535.7010785
28,1,2,1,1,711.3453732999999
29,2,7,0,1,703.4094805
30,3,5,0,1,731.2151799
31,1,4,0,1,746.0997602000001
32,3,6,0,1,601.4020142
33,0,9,1,1,715.5738462
34,2,7,1,1,782.140521
35,2,6,0,1,534.364255
36,2,5,0,0,312.5746088
37,3,5,0,1,611.881149
38,1,4,0,1,552.3478759999999
39,4,5,1,0,349.60272819999994
40,2,5,0,1,612.5974269999999
41,1,3,1,1,737.1308417
42,3,3,1,0,873.6665321
43,2,3,1,1,696.3223547
44,2,0,0,0,238.9001909
45,3,5,0,1,592.0867337000001
46,1,4,1,0,658.0727505
47,1,5,0,1,694.1850442000001
48,2,5,1,1,926.2187523
49,1,4,0,0,622.8890891
50,2,4,1,1,1010.938058
51,1,4,1,1,815.613587
52,1,5,0,0,565.2021559
53,5,6,1,0,447.529972
54,3,5,0,1,579.811638
55,3,3,0,1,564.8511814
56,2,2,1,1,803.3617544
57,2,4,0,1,453.9486956
58,3,2,0,1,428.0121685
59,1,6,0,1,559.7427587000001
60,1,0,0,1,821.6441917999999
61,3,7,1,1,976.8192518999999
62,3,7,0,1,692.4273097
63,3,7,0,1,657.3938401
64,1,8,1,1,676.1190816000001
65,3,7,1,1,670.8193916
66,2,8,0,0,307.582511
67,2,6,0,1,440.5656881
68,4,4,0,1,564.655552
69,1,7,1,1,567.2766771
70,1,5,0,1,626.4506534
71,2,2,0,1,664.9073388999999
72,1,2,0,1,390.59862799999996
73,2,4,1,1,525.5660584
74,1,4,0,1,654.9969378
75,4,6,0,1,633.9372718
76,2,5,0,1,328.825046
77,3,8,1,0,727.4280326
78,2,6,1,1,806.5937005
79,2,6,0,1,690.6665444
80,3,6,1,1,397.6351074
81,2,3,0,1,620.1505837999999
82,2,5,1,1,640.7265185
83,3,8,0,1,273.5962329
84,2,5,0,1,433.18141160000005
85,1,4,0,1,553.3296824
86,1,4,1,0,506.9184632
87,2,6,1,0,762.1161771000001
88,2,4,1,1,547.5001535
89,2,8,1,1,780.4230187000001
90,0,5,0,1,817.5148774
91,2,4,1,1,445.72348470000003
92,3,7,0,1,488.9383085
93,2,5,0,1,762.7457624
94,4,2,1,1,702.2583676
95,3,2,0,1,534.6117634999999
96,1,5,1,1,848.0907729
97,2,3,0,0,302.49120739999995
98,2,5,1,1,421.1591555
99,3,9,0,1,559.968969
100,3,5,0,1,198.5154603
101,3,10,0,1,815.3694045
102,2,6,1,1,789.5914601
103,2,4,1,1,424.9164636
104,0,8,1,1,439.72808839999993
105,2,3,0,1,836.6893792999999
106,3,5,0,1,491.22022089999996
107,2,4,0,1,425.0775643999999
108,3,4,0,1,451.3722352
109,2,8,1,1,439.6013586
110,1,7,0,1,472.0017023
111,1,4,0,1,835.1975353999999
112,1,9,0,1,755.5377839
113,1,2,1,1,840.2709695
114,1,6,0,1,653.6549818
115,2,4,0,1,828.2807862000001
116,1,6,0,1,541.8547912
117,2,4,1,1,603.3643827000001
118,2,3,1,1,844.0376613
119,3,2,0,1,510.4280629
120,2,6,1,1,669.3708527000001
121,0,2,0,1,675.4832544
122,2,5,0,1,558.4210491
123,3,7,1,1,457.7362956
124,2,4,0,1,704.3168172999999
125,2,0,0,0,611.2579713
126,1,6,1,0,605.2541021000001
127,2,6,1,1,422.5633362
128,2,6,0,0,563.5413892999999
129,2,7,1,1,724.8519505
130,3,4,0,1,493.25656739999994
131,1,6,1,1,652.293855
132,1,11,0,1,730.0905088
133,3,7,0,1,556.8264404
134,0,5,0,1,261.9466408
135,2,6,1,1,836.41467
136,1,5,0,1,505.44364759999996
137,3,6,0,1,507.99120639999995
138,2,5,0,0,197.0671145
139,2,4,1,1,606.133103
140,4,4,1,1,653.2507522000001
141,1,8,0,1,367.968041
142,3,2,1,0,654.9929597999999
143,1,5,0,1,490.11769330000004
144,1,1,0,1,371.7114552
145,3,7,1,1,513.9281277
146,2,4,0,1,779.8590201000001
147,2,2,0,1,470.47463619999996
148,2,6,1,1,823.628494
149,3,6,1,1,613.4892018999999
150,3,6,1,1,517.2493253
151,2,8,1,1,896.6508247000002
152,1,5,0,1,812.1212149
153,2,4,1,1,984.2688434
154,1,5,0,1,414.7156609
155,1,2,0,1,622.0495954
156,1,7,0,1,534.1766167
157,3,7,0,1,570.4230146000001
158,3,2,1,1,754.6272794
159,1,3,0,1,815.0588562999999
160,2,3,0,1,455.34760470000003
161,2,3,1,1,610.0848676
162,1,5,0,1,589.4441598
163,2,4,0,1,601.7710286
164,2,4,0,1,686.7638017
165,3,5,0,1,862.2175725
166,3,5,0,1,593.7690527000001
167,2,3,0,1,545.6086012999999
168,1,7,0,1,576.2863923
169,1,4,0,0,500.8210966
170,4,0,1,0,598.9381837999999
171,2,4,0,0,372.44377579999997
172,1,6,0,1,457.7769971
173,2,5,0,1,567.3438377
174,1,5,0,1,429.26384569999993
175,1,3,1,1,908.8415470000001
176,2,7,0,1,794.8439016
177,2,4,0,1,616.8825019999999
178,2,7,0,1,575.1968352000001
179,2,6,0,1,311.4161298
180,2,3,0,1,467.478603
181,0,8,1,1,960.3130864
182,1,4,1,1,382.0630621
183,1,5,1,0,528.6530379
184,2,6,0,1,485.73864960000003
185,2,5,0,0,562.9551679
186,2,3,0,1,479.555862
187,1,4,1,1,821.6955521000001
188,1,1,0,0,277.1831966
189,2,5,0,1,306.99609879999997
190,2,6,0,1,792.8161884
191,2,9,0,1,539.6381852999999
192,1,5,0,1,183.45032340000003
193,2,7,1,1,618.7511794
194,4,8,1,0,769.1072468
195,4,9,0,0,706.8992695000001
196,2,8,1,1,640.1846499
197,3,5,1,0,586.1330574
198,0,3,0,1,300.4399838
199,4,2,1,1,453.0959102
200,3,0,1,1,709.0744227000001
201,1,4,0,0,650.9153022999999
202,1,6,0,1,420.83660030000004
203,2,8,0,1,302.893914
204,2,7,1,0,551.7878059999999
205,1,5,1,0,570.8432625
206,1,4,1,1,698.066295
207,4,4,0,1,606.3941555
208,2,7,0,1,535.0685342
209,0,5,1,1,558.7426381
210,2,7,0,1,630.6312015999999
211,1,3,0,1,586.4738462
212,2,2,0,1,669.0412069
213,2,3,1,1,746.518128
214,2,6,1,1,720.1093318
215,3,5,0,1,658.2630834
216,1,3,0,0,549.545373
217,0,4,1,1,880.8234158
218,4,2,1,1,1018.8072080000001
219,2,6,0,0,457.52406210000004
220,1,5,0,0,531.2852753999999
221,3,9,0,0,363.393724
222,0,4,0,1,300.1616797
223,3,6,0,1,812.8427609
224,1,3,1,1,495.1024651000001
225,3,6,0,1,393.6225296
226,3,5,0,1,662.5452582
227,3,8,0,1,553.4463821
228,1,5,0,1,481.9255305
229,1,4,0,1,776.9682302
230,2,9,0,1,836.0758367000001
231,2,5,1,1,710.6763872
232,1,7,0,1,676.9253263999999
233,2,1,0,0,387.32329730000004
234,1,6,0,0,222.22476310000002
235,2,4,1,1,813.9892298999999
236,1,5,0,1,603.1229602000001
237,2,4,0,1,605.9595005
238,0,5,1,0,801.7182161000001
239,4,4,0,1,534.148012
240,3,3,0,1,581.3758404
241,2,3,0,1,409.1240787
242,1,5,1,1,1066.594425
243,3,3,0,1,536.8192042
244,1,5,0,1,818.8201127
245,3,4,0,1,616.4123284
246,2,7,1,1,590.0817935
247,1,6,0,1,250.93131839999998
248,2,5,0,1,494.01890810000003
249,3,5,0,1,752.0093749
250,2,7,1,0,630.8952742
251,2,3,0,1,245.22434080000002
252,4,1,0,1,272.8650264
253,1,2,1,1,562.0554916
254,1,5,0,0,442.11685439999997
255,1,7,0,0,226.4556426
256,1,2,1,1,617.8314193
257,2,8,1,1,905.4282994999999
258,0,6,1,1,914.6161758
259,2,4,0,1,829.2913526000001
260,3,2,0,1,711.565416
261,2,3,0,1,572.7088478
262,3,5,1,1,926.7304853
263,2,2,0,1,279.7438394
264,2,4,1,1,571.2180811000001
265,3,6,0,1,709.3098137999999
266,2,6,0,1,543.9354183999999
267,3,7,0,1,783.5255785
268,0,4,1,1,583.2398175
269,2,4,1,1,794.6139999999999
270,3,6,0,1,568.6786069
271,0,4,0,1,662.1393949
272,2,4,1,1,682.4090632
273,2,6,1,1,679.1481047999999
274,2,6,0,1,656.4575669
275,2,7,0,1,509.02915880000006
276,4,7,0,1,350.8113244
277,0,9,0,0,577.2556066000001
278,1,6,0,1,474.1761551
279,2,6,0,1,888.2096974
280,3,3,0,1,294.6957175
281,3,5,1,0,400.7263335
282,2,1,1,1,456.862551
283,1,6,0,1,366.0123683
284,3,5,0,0,309.3080252
285,1,7,0,1,373.87294710000003
286,1,8,0,1,696.6311855
287,2,4,0,1,483.10734890000003
288,3,7,1,1,522.8448179
289,1,4,0,0,463.5323308
290,3,7,0,1,782.7341352999999
291,2,6,1,1,524.5383396000001
292,2,5,1,1,780.9526325
293,3,2,0,1,609.0749818
294,1,3,1,1,915.4694544
295,4,8,0,1,432.3340355
296,3,6,0,0,583.2890522000001
297,3,7,0,1,432.2673572
298,2,7,1,1,850.4622698
299,0,1,1,1,800.1079434
300,1,4,0,1,616.0944936000001
301,1,6,0,1,547.9316486
302,2,8,1,1,621.6985441
303,2,6,0,0,441.87392919999996
304,2,5,0,1,418.50825160000005
305,1,7,0,1,532.4827927
306,2,6,0,1,494.14093169999995
307,1,7,0,1,444.270298
308,3,6,0,1,189.435056
309,2,4,0,1,382.6288977
310,2,7,0,1,436.7547868
311,0,4,0,1,793.7354241
312,3,4,1,1,971.6818099
313,3,8,0,1,756.0872302
314,1,4,0,1,410.3066595
315,2,1,1,1,769.0576612000001
316,3,9,1,1,788.4536996
317,0,2,1,1,663.8351392000001
318,1,6,1,0,748.8090585
319,3,5,0,1,787.2543942000001
320,3,7,1,0,931.0142392000001
321,0,2,0,0,475.0254414
322,2,2,1,0,769.0218418
323,2,5,0,1,650.4666246
324,0,5,0,1,818.3629448
325,2,6,1,0,475.0777396000001
326,2,5,1,0,858.6716877
327,2,5,0,1,163.36477140000002
328,3,5,1,1,760.5243042000001
329,1,1,0,1,460.1106084
330,1,5,0,0,440.81244979999997
331,4,7,1,1,883.6118169
332,4,6,1,1,833.1895497
333,2,4,0,1,418.7832479
334,1,8,1,1,532.7216015
335,2,6,1,1,845.9697556
336,4,7,1,0,714.2096849999999
337,1,3,0,1,784.1259378999999
338,5,3,0,0,439.59100430000007
339,1,9,0,1,580.1261035
340,1,2,1,1,882.6201297
341,3,5,1,1,748.8892047999999
342,0,4,0,1,585.5771093999999
343,2,3,0,0,442.226251
344,2,5,0,1,837.8105896000001
345,2,6,0,1,803.503396
346,4,3,1,0,849.2852360999999
347,3,5,1,0,770.5384418
348,2,2,0,0,357.7844607
349,2,4,0,0,531.610463
350,2,5,0,1,783.0543301
351,1,8,1,1,770.5757587999999
352,3,6,0,1,371.23661430000004
353,1,5,1,1,471.89304730000003
354,1,4,0,1,516.0465127
355,2,7,0,1,656.3058063999999
356,2,9,1,1,635.9161227000001
357,2,6,0,1,878.2533167000001
358,2,7,0,1,700.2187487000001
359,2,5,1,1,976.3125412
360,1,5,1,0,253.1077251
361,1,5,1,1,795.7161070000001
362,1,8,1,1,540.8191009
363,3,11,0,0,481.30823269999996
364,2,10,0,1,455.78201629999995
365,2,5,0,1,879.250475
366,1,6,0,1,325.9106886
367,3,6,0,1,744.2576232999999
368,2,6,1,1,600.6084664
369,1,4,0,1,701.0286772000001
370,4,5,0,0,337.6202412
371,2,5,0,1,492.88365980000003
372,3,7,0,1,497.5142581
373,2,1,1,1,747.1459665
374,2,4,0,1,264.9235721
375,2,4,1,0,492.59512710000007
376,1,3,1,1,612.9389668
377,2,2,1,1,516.7114435
378,3,1,0,0,567.0406852000001
379,1,7,1,1,763.6057423999999
380,2,4,0,1,620.7240903
381,0,6,1,0,747.975083
382,1,8,0,1,795.4947437999999
383,2,5,1,1,609.8191917
384,3,7,1,1,668.9365583
385,2,10,1,1,540.1462008999999
386,3,7,0,1,709.0986932
387,1,7,0,1,599.035737
388,2,8,1,0,530.3150711000001
389,3,4,0,1,503.9412205
390,1,6,0,1,308.8392937
391,4,6,1,1,875.3330171
392,0,6,0,0,509.1269886
393,2,7,0,1,654.935881
394,2,6,1,1,592.0069616000001
395,2,9,0,1,372.46239460000004
396,2,7,0,1,727.699264
397,3,5,1,1,773.7381173
398,2,8,0,0,680.9557555
399,3,4,0,1,598.5220012999999
400,1,2,0,1,749.7065498
401,3,5,1,1,844.2098200999999
402,1,5,1,0,705.26141
403,2,7,1,1,356.9823471
404,3,5,1,0,464.26191370000004
405,4,8,0,1,664.0208157000001
406,2,3,0,1,658.96488
407,1,6,0,1,531.746352
408,1,4,0,1,616.2416057999999
409,1,5,0,1,388.58191600000004
410,2,6,1,0,618.0101314
411,1,9,0,1,329.5749611
412,1,2,0,0,658.1067631
413,3,6,1,1,506.41664239999994
414,2,5,1,1,904.6661343000001
415,1,1,0,1,396.6605482
416,0,6,1,1,645.2169791
417,1,5,1,1,462.41417989999997
418,2,5,1,1,748.3173904
419,3,8,1,1,541.3948634
420,3,5,0,1,211.23728419999998
421,2,4,0,1,568.6443874
422,1,2,1,1,360.54149680000006
423,2,3,1,1,717.4590393
424,1,3,1,1,810.7030552
425,2,4,1,1,687.2943681
426,1,4,0,1,829.9556872
427,1,5,0,1,620.1852372999999
428,2,0,1,1,738.1287338999999
429,4,4,0,1,483.5747113
430,2,4,0,1,683.0314774
431,2,9,0,1,567.5890889
432,4,5,0,1,385.8379213
433,2,7,0,1,356.8761726
434,2,2,1,1,530.3579115
435,2,5,1,1,920.8554234
436,2,4,0,1,589.4088653
437,2,2,0,0,596.4693406
438,3,5,0,1,177.9914984
439,2,4,0,1,529.5110533
440,2,5,1,1,1053.388332
441,1,6,1,1,498.09542450000004
442,2,4,1,1,1022.6022109999999
443,1,5,0,1,805.6731421000001
444,2,2,0,1,319.43388030000006
445,3,4,0,0,579.2376011
446,1,9,1,1,992.3211182
447,2,4,1,1,1002.382506
448,2,5,0,0,286.68489980000004
449,0,5,0,1,228.95135019999998
450,2,4,0,0,286.5175008
451,1,3,0,1,313.32582460000003
452,2,3,0,1,879.0225319
453,1,6,1,1,684.8009986000001
454,3,6,0,1,357.99130130000003
455,2,1,0,1,348.9191531
456,0,5,0,0,417.4897091
457,1,7,0,0,686.8929502999999
458,1,8,1,1,583.1157672
459,3,7,1,1,475.42730470000004
460,2,4,0,1,592.7914215
461,2,7,1,1,952.3731743999999
462,2,5,0,1,370.0732256
463,3,6,0,1,434.7184162
464,3,6,0,1,641.4128171
465,2,4,0,1,400.54616239999996
466,3,5,0,1,294.09045380000003
467,1,3,0,1,586.9327672000001
468,2,3,0,1,437.38651380000005
469,4,3,1,1,704.0986425
470,3,4,0,1,602.1315135
471,1,2,0,1,752.286137
472,3,6,1,1,934.0777320000001
473,2,1,0,1,687.4601267999999
474,0,5,0,1,599.3302284
475,0,6,0,1,606.2907617000001
476,4,5,1,1,738.9335159
477,4,5,1,1,961.7419174
478,0,3,0,0,97.54415048
479,2,4,0,1,587.9219078
480,1,5,0,0,486.62597689999996
481,3,6,0,0,175.8872951
482,0,5,1,1,450.2527975
483,2,4,1,1,852.0437297
484,1,3,1,1,515.2099622
485,3,7,0,0,393.295424
486,3,3,1,0,707.5992954
487,1,5,1,1,874.3112671
488,2,2,0,1,611.4857718
489,5,5,0,1,640.2037452000001
490,3,5,0,1,751.7374997000001
491,1,2,1,1,666.6387167
492,3,1,0,1,660.1753471
493,2,6,1,0,637.1154677000001
494,3,3,1,1,858.9900897
495,2,5,1,1,871.4528249
496,1,5,1,1,765.7981798999999
497,3,8,1,1,608.3808917
498,2,3,0,0,166.99374440000003
499,0,2,1,1,671.8826055
500,3,3,1,1,668.5183784
501,3,3,0,0,475.00782639999994
502,3,1,1,1,616.8931693
503,3,7,1,1,894.7379361
504,3,7,0,1,423.8210781
505,1,5,1,1,502.6093068
506,1,9,1,0,820.7227302
507,2,6,1,1,486.9715659
508,2,6,0,0,714.1986266
509,0,1,0,1,447.41807520000003
510,3,4,1,1,658.3205735
511,3,5,0,1,652.8906718999999
512,1,4,0,1,393.5284601
513,0,4,0,0,688.030491
514,2,2,1,0,550.8021215
515,4,4,0,1,461.538505
516,3,5,0,0,378.701623
517,3,5,1,1,456.25687120000003
518,1,5,0,1,363.3388403
519,4,4,1,1,467.39269210000003
520,3,6,1,1,525.7221986000001
521,2,2,0,1,583.4380802000001
522,2,8,1,1,710.7783943
523,2,3,0,1,464.5967688
524,2,5,0,0,498.61669180000007
525,1,5,1,0,701.7641089
526,0,6,0,1,862.0775315999999
527,2,4,0,1,556.3738438999999
528,1,3,0,1,526.4591714
529,2,5,1,1,652.8610003
530,2,3,0,1,523.8907991000001
531,2,4,0,1,472.7264476
532,1,4,0,0,655.0841217999999
533,2,5,0,1,458.81660159999996
534,2,6,0,1,430.6294796
535,2,7,0,1,558.7522908
536,0,5,0,1,624.6922852999999
537,2,8,1,1,961.6759939
538,3,7,0,1,706.6813582999999
539,1,2,1,0,540.0761456
540,3,5,1,1,682.7549371
541,3,5,0,1,428.551325
542,2,4,1,1,473.20690599999995
543,3,4,1,1,572.901644
544,4,6,1,0,745.7837480000001
545,1,4,0,0,434.3125097
546,1,7,1,1,793.6899716
547,1,5,1,1,941.2855214
548,3,7,1,1,749.1865098
549,2,9,1,1,609.2879406000001
550,1,5,0,1,356.9985167
551,1,3,0,1,508.92576119999995
552,1,4,0,1,696.9320827
553,0,2,1,1,839.1338896
554,1,5,0,1,561.2457488
555,1,6,0,1,434.88731270000005
556,2,5,1,1,791.0802607
557,0,9,0,1,555.3269443
558,3,8,0,0,539.7390272000001
559,1,5,1,1,962.4759403999999
560,3,4,0,1,775.7525413
561,3,1,1,1,511.1914351
562,3,5,0,1,543.0623118
563,3,5,0,1,282.0730577
564,2,6,0,1,551.5703553
565,2,4,0,1,709.3422097
566,3,6,0,1,289.727488
567,4,8,1,1,884.6862448999999
568,2,7,0,1,660.2078757
569,3,2,0,1,535.0481464
570,1,5,1,1,823.5053303
571,2,4,0,0,595.2475268999999
572,1,4,0,1,684.9239938
573,2,7,0,1,499.32996280000003
574,1,4,0,0,344.9279635
575,2,4,0,1,679.2632007
576,1,5,0,1,545.1965299999999
577,1,4,0,0,501.45051449999994
578,1,5,1,0,869.5514892000001
579,1,3,0,1,448.3860326
580,3,7,0,1,266.54935750000004
581,1,4,1,1,771.8986153
582,4,5,0,1,401.553697
583,2,5,1,1,798.8415517999999
584,2,5,0,1,359.9484974
585,2,6,0,1,691.2753150000001
586,1,5,0,0,364.9896195
587,0,6,1,1,727.3685723
588,3,5,1,1,767.093111
589,0,4,1,1,986.6975166000001
590,1,5,0,1,589.5633109
591,1,5,1,1,787.5294336000001
592,3,4,1,1,869.2543120999999
593,1,3,1,1,506.0592641
594,2,9,0,1,488.18860589999997
595,1,5,0,1,841.1148197000001
596,2,5,0,1,699.8199490000001
597,3,2,0,1,592.2714082
598,3,6,0,0,805.8326737000001
599,2,2,0,1,395.85491119999995
600,1,4,0,0,572.6231332
601,3,3,0,0,218.04636380000002
602,2,1,0,1,672.1716594999999
603,1,4,1,1,763.9650128
604,3,6,0,0,618.7553799
605,0,3,1,1,653.0106592
606,2,4,0,1,499.1541336
607,2,4,1,1,729.8771486
608,4,6,0,1,376.4520199
609,2,5,0,1,566.9710993
610,1,5,1,1,799.1545397000001
611,2,4,0,1,554.2658183
612,2,8,1,1,754.7292679999999
613,2,5,0,1,687.4220662
614,0,7,0,1,686.8261898
615,3,8,0,1,678.4015618
616,4,3,0,0,560.2871201
617,3,2,0,1,480.8326846
618,3,4,0,0,517.1574095
619,3,0,0,1,758.3134216
620,4,5,0,1,715.2620444
621,2,6,1,1,827.0572264
622,2,4,0,0,412.96882180000006
623,1,5,1,1,984.0387802000001
624,3,6,1,1,738.4249718
625,2,7,0,1,610.7776416
626,1,3,0,1,715.6422847
627,1,2,1,1,504.72780980000005
628,2,8,0,1,536.4161256
629,3,2,0,1,935.0084535
630,2,4,0,1,733.9495611000001
631,1,5,0,1,347.7321872
632,0,8,0,1,322.38177260000003
633,3,3,0,0,520.6575629
634,2,7,0,1,300.4335454
635,1,6,0,1,566.6484087
636,2,6,1,0,417.96456820000003
637,3,0,1,1,804.8891237
638,4,5,1,1,353.2666057
639,4,6,0,1,718.2225636
640,1,2,0,1,361.31388230000005
641,3,3,0,0,593.6745546
642,4,9,0,1,621.9227847
643,1,4,0,1,775.9264744
644,0,5,0,1,475.86955020000005
645,2,4,0,1,922.5504972000001
646,1,9,0,1,446.45579000000004
647,2,4,0,0,605.2095038
648,3,5,1,0,504.4878011
649,1,4,1,1,630.1971374
650,3,8,1,1,583.7230559
651,4,4,1,1,869.8259693
652,3,6,0,1,362.149647
653,1,2,1,1,842.9632050000001
654,2,6,0,0,396.89995519999997
655,2,7,1,1,416.7785561
656,1,3,0,1,349.3330573
657,3,6,0,0,244.0172693
658,3,0,0,1,510.6912092
659,3,7,0,1,366.9861294
660,1,6,1,1,768.9255618
661,3,1,0,0,405.28610679999997
662,2,2,0,1,695.5033362
663,4,4,0,1,720.9022472
664,3,3,0,1,606.0078796
665,3,3,1,1,779.3499658
666,2,4,0,1,519.901034
667,1,7,0,1,720.5930272999999
668,2,9,1,1,744.9913096
669,2,2,1,1,552.0702557999999
670,3,5,0,1,473.8204534
671,3,8,0,1,717.6134248
672,2,4,1,1,490.8506047
673,2,3,0,1,748.3442502
674,2,4,0,0,397.3597228
675,1,6,1,0,1083.726891
676,1,5,0,1,640.9150403
677,2,7,0,1,602.1022346
678,2,3,1,1,821.8827094999999
679,0,3,0,1,641.3209105000001
680,1,6,0,1,557.4036778
681,3,8,1,1,748.3323293
682,1,6,0,1,862.0787587000001
683,1,6,0,1,474.00168319999995
684,2,5,0,1,806.4929142999999
685,1,4,0,0,343.13048480000003
686,1,6,0,1,307.23228439999997
687,2,7,1,1,930.4058197
688,3,10,0,0,682.6718095
689,2,5,1,1,553.7611717999999
690,1,7,1,1,855.5163867999999
691,2,5,0,1,800.4168675
692,1,5,1,1,969.2387888000001
693,2,2,0,1,553.7077885
694,2,4,0,0,392.8620063
695,3,6,1,0,887.116791
696,1,6,1,1,584.4865907999999
697,1,4,0,0,642.7807313999999
698,1,4,0,1,637.6792316000001
699,3,3,1,0,786.9905334
700,2,7,0,1,563.1202692
701,1,2,0,0,599.9171244
702,1,6,0,1,867.2113867999999
703,1,6,0,1,719.1523913
704,0,2,0,1,541.1080977000001
705,0,4,0,1,779.8866628
706,1,6,0,0,487.251743
707,2,6,1,1,805.9709803
708,3,5,1,1,452.21717639999997
709,2,2,0,1,505.78587239999996
710,2,4,0,1,635.0349123999999
711,1,6,0,1,526.1979671
712,3,7,0,1,587.9931666
713,2,4,1,0,594.5649672000001
714,1,5,0,1,235.08788859999999
715,2,5,0,1,732.5346668
716,3,5,0,1,636.1297172999999
717,2,5,1,1,427.6573919
718,3,6,1,1,810.6254767999999
719,2,1,0,1,428.8262919
720,1,5,0,1,495.1803516
721,3,6,1,1,510.18759339999997
722,3,6,0,1,450.43694180000006
723,0,5,0,1,647.9434861000001
724,3,1,0,0,540.5141363
725,1,6,0,1,650.9976783
726,2,2,1,0,635.2988026
727,3,6,0,1,387.59382650000003
728,3,7,1,1,805.4482994
729,2,4,0,1,644.1445341
730,2,6,0,1,574.6268913
731,2,7,1,1,645.1817179999999
732,2,2,1,0,669.4731767999999
733,0,4,0,0,606.5647402000001
734,3,3,1,1,702.7783759
735,1,6,0,1,693.8246471
736,1,6,0,1,404.0829903
737,2,2,0,0,408.83529280000005
738,3,4,1,0,446.91259019999995
739,2,6,0,1,768.370068
740,1,6,1,1,781.5239132999999
741,3,10,0,1,455.04924040000003
742,1,8,0,1,742.3798151000001
743,2,5,1,1,902.6304640000001
744,1,2,0,1,571.0398786000001
745,2,6,1,0,323.95767789999996
746,2,4,1,1,821.4638294
747,3,6,1,1,917.2148836000001
748,3,4,1,1,825.7049777000001
749,2,3,0,1,581.4853803999999
750,1,6,0,1,289.23763280000003
751,3,4,1,1,413.45319720000003
752,2,3,0,1,503.4281079
753,2,3,1,1,486.0989181
754,3,1,1,0,412.18319049999997
755,2,6,0,1,509.1694236000001
756,3,10,1,1,505.91843719999997
757,2,4,0,0,532.1316101
758,3,6,0,1,545.4339181
759,1,4,1,1,785.6461325
760,2,5,0,0,587.5861556
761,0,4,0,1,305.36883
762,4,7,0,1,342.700941
763,3,4,0,1,694.5358411000001
764,2,6,0,1,692.4349936000001
765,2,6,1,0,765.0175452000001
766,0,7,1,0,594.2070431
767,3,5,1,1,416.2992859
768,1,0,0,1,484.60151399999995
769,4,3,0,1,523.1900482
770,2,1,1,0,567.0330186000001
771,2,6,0,0,725.7340411
772,4,4,0,1,535.8048140999999
773,2,4,0,1,474.3424201
774,1,7,0,1,654.6911119
775,3,4,0,0,437.6546558
776,2,4,1,1,921.675717
777,1,7,0,1,771.331685
778,4,6,1,0,713.9166273
779,3,3,0,1,670.8911292
780,3,6,1,1,818.0911026
781,1,5,0,1,508.1793159
782,2,6,0,0,452.3685386
783,2,8,0,1,800.3552675
784,2,4,0,1,488.4036544
785,3,6,1,1,475.02734560000005
786,3,8,0,1,729.5291272999999
787,4,6,0,1,267.7779516
788,3,4,0,1,796.9563827000001
789,4,4,0,0,376.6231262
790,4,5,1,0,489.33650769999997
791,2,9,1,1,690.3913356
792,2,4,0,0,264.2898436
793,0,8,0,1,741.8148937000001
794,1,3,1,1,458.24304900000004
795,2,10,1,0,438.8596761
796,1,9,0,0,262.134934
797,3,5,0,0,345.5484398
798,2,5,0,1,712.4547407
799,1,4,1,0,894.5040945000001
800,2,6,0,0,624.7858461
801,2,4,0,1,668.4312012999999
802,2,5,0,1,411.21900519999997
803,0,10,0,0,408.76028310000004
804,3,5,0,0,490.6354472
805,2,5,0,1,503.5726532
806,3,5,1,0,509.71946720000005
807,4,5,0,0,432.1356836
808,1,3,0,1,273.14602010000004
809,0,7,1,0,706.5868972999999
810,3,7,0,0,720.9411431
811,2,1,0,1,303.23986569999994
812,2,6,0,1,613.4348304
813,1,2,1,0,680.8111229
814,2,3,0,1,481.9605295
815,2,6,0,1,621.9581262
816,1,4,0,0,209.15750559999998
817,1,5,1,1,329.75165939999994
818,1,4,0,0,550.9329231
819,1,4,0,1,616.5942507999999
820,3,3,1,1,720.7078792000001
821,2,5,0,1,643.2787613
822,2,7,0,1,739.2765584
823,4,3,0,1,714.0825767000001
824,1,7,1,0,740.654246
825,5,6,1,1,873.3151082
826,2,1,0,0,432.05649680000005
827,2,6,1,1,701.5860156
828,3,5,0,1,429.85873080000005
829,1,4,0,1,760.3848419
830,3,5,0,1,442.2453194
831,3,3,1,1,714.2249699
832,1,4,0,0,152.8064994
833,2,0,0,1,558.6983552
834,3,6,0,1,559.1317316000001
835,1,5,0,1,491.2677888
836,4,0,1,0,708.0228553
837,3,8,1,1,525.4912471
838,1,5,0,1,442.61479019999996
839,1,4,0,1,600.6304807999999
840,0,3,0,1,451.42383509999996
841,2,2,0,1,530.8667088999999
842,4,3,1,1,350.68890980000003
843,1,2,0,1,567.7590954
844,2,2,0,1,831.5319977
845,3,1,0,1,588.2533207
846,3,3,0,0,541.0411806
847,3,0,1,1,850.6174256
848,3,3,0,1,516.1371736000001
849,1,5,0,1,361.03017420000003
850,2,4,1,1,908.4111717000001
851,3,5,1,1,948.1244137
852,1,5,1,1,416.0863173
853,3,5,1,0,428.5338743
854,3,5,0,1,872.3510953
855,2,5,1,1,609.2283984000001
856,2,5,0,1,601.3236612000001
857,3,5,1,1,691.4960226
858,1,2,1,1,387.2025774
859,1,5,0,1,651.8485741000001
860,0,7,0,1,502.3623706
861,2,5,1,1,366.9756201
862,2,5,0,1,285.7052733
863,3,4,0,1,601.7798412000001
864,2,6,0,0,485.9354521000001
865,3,4,0,1,749.1383063
866,3,5,0,0,537.5937521000001
867,2,7,0,1,761.2642415
868,2,5,1,0,368.26102230000004
869,2,6,0,0,580.2561579
870,0,3,0,1,613.7702422
871,2,6,0,1,745.8097632
872,0,5,1,1,1094.762145
873,3,6,0,1,651.2505702999999
874,1,3,0,1,529.752567
875,3,7,0,1,339.46617280000004
876,1,6,1,0,565.4874221
877,3,4,0,1,299.99223670000003
878,2,4,0,1,679.6670644
879,2,6,1,1,804.4602565
880,3,3,0,1,527.2751089
881,2,3,0,1,856.2314301000001
882,1,6,1,1,680.8628705
883,1,7,0,1,802.164383
884,0,6,0,1,225.8297233
885,1,1,1,0,813.7427877
886,2,4,0,0,531.6564844
887,2,8,0,1,533.2605305
888,2,5,0,0,501.5592067
889,0,6,1,1,913.1323358
890,1,6,0,1,708.0589312000001
891,3,7,0,1,642.4982494
892,2,6,1,1,823.7567113
893,1,5,1,1,1030.525958
894,1,6,1,1,987.8537637000001
895,1,4,0,1,576.9982862
896,3,5,1,1,849.4272911
897,3,7,0,0,619.8681172
898,1,6,1,0,874.6551407
899,2,5,0,1,471.6859469
900,3,2,0,1,224.5919176
901,3,1,0,1,649.7085257
902,0,5,1,0,271.69139889999997
903,2,9,0,1,820.8426312999999
904,0,6,0,1,348.1411043
905,2,9,1,1,905.8731672
906,2,6,1,1,641.2404715
907,0,5,0,1,732.9088264
908,3,4,0,1,787.4450969
909,2,5,0,1,596.5393002999999
910,3,4,0,0,620.8044324
911,2,4,0,1,364.9502191
912,2,2,1,1,716.031236
913,2,1,1,1,546.5076831
914,2,7,1,0,609.1034722
915,3,6,1,1,1102.994109
916,1,5,1,1,544.2242352000001
917,1,3,0,1,522.8355157
918,2,6,1,1,688.1587973999999
919,2,9,1,1,598.14145
920,0,7,1,0,774.0506127
921,2,3,1,0,482.3048555
922,2,6,1,1,599.9276294
923,3,6,0,1,524.3016383
924,3,5,0,1,716.9022033
925,3,6,1,1,693.158645
926,3,5,0,1,731.2069996
927,4,4,0,1,305.99956910000003
928,1,5,0,1,721.5493629
929,1,3,1,1,765.879138
930,1,8,1,1,603.7833777000001
931,2,5,0,0,272.79138789999996
932,2,5,0,0,87.8518497
933,2,3,0,1,456.7958156
934,3,4,0,1,272.57417319999996
935,2,2,0,1,560.0940142000001
936,3,5,1,1,353.0244501
937,3,6,0,1,446.559878
938,0,10,0,1,819.6897325
939,2,0,0,1,693.0780987
940,2,4,1,1,546.7350102999999
941,2,4,1,1,576.2154416000001
942,1,5,1,1,658.3791722999999
943,4,5,0,1,671.1305381
944,2,4,0,1,555.6780785
945,3,0,1,1,816.3237989
946,2,6,0,1,411.9113289
947,3,8,0,1,760.0749706
948,1,4,1,1,675.4361882000001
949,0,5,1,1,678.2539839
950,2,5,1,1,815.1687753
951,1,4,1,1,976.1715232
952,2,7,0,1,634.8459632
953,2,8,0,0,529.1219825000001
954,2,2,1,1,636.8844293
955,2,5,0,1,395.4033332
956,2,3,0,1,575.0037374
957,2,9,1,1,812.9828301
958,3,5,1,1,690.1026345
959,2,5,1,1,539.030565
960,3,7,1,1,547.8579187999999
961,2,5,0,0,270.2592943
962,2,6,0,1,821.5718157000001
963,2,6,1,1,768.0457556
964,0,7,0,0,418.44432989999996
965,3,0,0,1,656.168438
966,2,2,1,1,786.3179031000001
967,3,8,1,1,682.4282341
968,3,4,0,1,725.9703135
969,2,6,0,0,495.153671
970,2,3,1,1,793.3423112
971,2,5,1,1,937.6211463
972,2,4,0,0,477.76147879999996
973,2,7,0,1,655.2151632
974,3,3,0,1,568.0921031
975,1,8,1,1,853.4426696
976,2,8,0,0,329.45532460000004
977,2,2,0,1,476.6830107
978,4,7,1,1,796.1320637
979,2,7,1,0,542.1299240000001
980,1,7,1,1,814.3627199
981,0,5,0,1,659.0702207
982,3,4,0,1,313.4620194
983,2,4,0,1,474.69522989999996
984,2,4,0,1,478.10379580000006
985,3,5,0,1,688.1521362999999
986,3,5,0,1,538.103211
987,2,3,0,1,517.9757247
988,1,5,1,1,784.2329099
989,3,4,1,1,898.5794256000001
990,1,6,0,0,615.4819558999999
991,2,7,0,1,332.5594177
992,1,4,1,1,721.6156407000001
993,3,4,0,1,495.8442857
994,2,6,0,1,528.4521069
995,3,0,0,1,655.8701112000001
996,2,5,0,1,354.4726932
997,2,4,1,0,568.6605495
998,1,1,0,1,653.4233136
999,1,6,0,0,537.8010046
